"","length","time","Dens","Trt","Rep","Ind","xn","yn","x0","y0","Tank","Sal","Temp","Oxy","CL","CW","SI","Trial","Side","High","StepLength","DistHigh","TimeHigh","Displacement"
"1",346.118027238982,120,"D2","HL","1",1,-143.71761045812,32.8507643473971,-36.1925545910311,-2.73205039763831,"WV04","30","9.9","10.7","7.8","19.7","1.5","5","O",1,14.4215844682909,346.118027238982,120,113.259764896454
"2",954.922139340039,705,"D2","HL","2",1,-13.6008136249189,-146.504313678814,-1.13285102499039,25.7448867030946,"WV02","31","11.4","9.9","7.4","19.3","1.4","12","O",1,6.77249744212794,417.041307668463,350,172.699846912497
"3",696.836448277401,195,"D2","HL","3",1,76.9356872795725,115.403632190412,23.8943134836278,6.36729893016824,"WV02","31","11.3","9.1","7.8","20.8","1.6","24","C",1,17.8676012378821,404.928299350733,105,121.253079569139
"4",373.413676174709,495,"D2","HL","4",1,-67.8644172786246,-134.783656400146,-25.0948153197812,-19.5149858956155,"WV02","31","10.4","10","7.3","21.7","1.6","28","C",0,3.77185531489605,68.8753542261597,25,122.947571149657
"5",428.254791528717,190,"D2","HL","5",1,-1.07507439530249,147.851908827328,-11.1630995109063,-9.72188734915208,"WV02","31","12.8","9.3","7.3","19","1.4","38","O",1,11.2698629349662,282.171783943093,110,157.896388471048
"6",1016.97786445166,250,"D2","HL","6",1,21.071462989122,147.644590454842,4.91866789160394,-16.7608693417765,"WV02","30","11.4","9.9","6.9","20.9","1.4","44","O",0,20.3395572890332,354.168939986532,85,165.197058086396
"7",340.014713516775,100,"D2","HL","7",1,139.706553840147,-50.2218679862689,9.50738032995162,6.87584073853147,"WV02","31","12.1","10.4","7.3","18.9","1.4","52","C",1,17.0007356758388,340.014713516775,100,142.168819100251
"8",482.254693036661,280,"D2","LL","1",1,-113.487765220118,96.0748650779343,4.05936112487514,14.7806048136689,"WV02","30","9.9","10.7","7.3","19.3","1.4","6","O",1,8.61169094708323,358.215953289269,190,142.919850489286
"9",506.873434870843,745,"D2","LL","2",1,-109.214933410335,-86.4587361835466,17.005441665358,14.3979756468091,"WV02","31","9.9","10.7","7.3","18","1.3","16","O",1,3.40183513336136,352.538588072025,560,161.566269392717
"10",628.614538225577,260,"D2","LL","3",1,32.8655373127482,146.288369257656,-17.7863305968197,-1.53853722107553,"WV04","31","11.6","9.9","7.5","18.6","1.4","23","C",1,12.0887411197226,344.694782542635,145,156.263898587614
"11",599.370183340465,260,"D2","LL","4",1,105.344603546166,104.467952321184,7.09438188609788,30.1577586477213,"WV02","31","10","10.1","7.5","19.8","1.5","30","C",1,11.5263496796243,279.54062871241,70,123.187300238458
"12",137.550205061886,25,"D2","LL","5",1,117.44647667364,91.1768908177298,18.5860171170423,17.4957309114256,"WV04","30","12.4","10.1","7","20.2","1.4","33","O",0,27.5100410123772,0,0,123.297622803037
"13",352.047208141263,370,"D2","LL","6",1,39.197744034238,140.474351238176,8.24076257502779,4.34770764679749,"WV02","31","11.3","10.1","6.8","19.3","1.3","46","O",0,4.75739470461166,295.410995576949,260,139.6022843528
"14",415.109895520883,220,"D2","LL","7",1,-107.863901410035,-98.0670876916729,19.8530925286346,15.5814993055698,"WV02","31","11.2","10.5","7.4","20","1.5","54","C",0,9.43431580729279,214.427154289579,135,170.96090742389
"15",784.610713111612,705,"D2","HH","1",1,138.377975870518,51.4314948079321,18.6004509653197,-6.1589068418621,"WV02","31","9.6","10.6","7.6","19.9","1.5","7","O",0,5.56461498660718,431.586953927349,370,132.903385339125
"16",484.003397058883,190,"D2","HH","2",1,-126.218716776379,-78.3770524753525,-30.6132577840926,7.98926663246979,"WV02","32","10.7","11","7.5","19.1","1.4","10","O",1,12.7369315015495,484.003397058883,190,128.839220990194
"17",1777.40867086507,1295,"D2","HH","3",1,13.1915789611983,10.054580921673,-2.27340694428624,47.2230813114273,"WV04","31","10.9","10.6","7","20.7","1.4","17","C",1,6.86258174079179,649.726913519881,590,40.257461547892
"18",896.164264047421,390,"D2","HH","4",1,37.4828580935761,-136.145972361495,16.2682132268193,-3.00164161197524,"WV02","31","11.1","10.4","7.6","20.2","1.5","32","C",1,11.4892854365054,246.630587351162,95,134.823862752704
"19",309.29484879789,115,"D2","HH","5",1,-82.4328461488332,115.977821418937,-9.79142762398507,7.95579810730904,"WV02","30","12.4","9.1","7.6","21","1.6","34","O",1,13.4476021216474,309.29484879789,115,130.175009912195
"20",425.579057646525,395,"D2","HH","6",1,92.3445329584487,118.556710814217,-13.3086767332926,23.9175778139994,"WV02","31","11.9","9.6","7.2","20.2","1.5","48","O",0,5.38707667906993,327.022235125562,330,141.842046704072
"21",2350.24585503319,1295,"D2","HH","7",1,42.2611661946986,-15.5087729000093,-18.7719618092093,27.3375959731939,"WV04","31","12.7","10.3","7.1","19.9","1.4","55","C",1,9.07430832059147,1351.4678719901,735,74.5711340906118
"22",575.558794030205,335,"D2","HM","1",1,120.513900937028,91.2913543813439,-11.558060396501,-35.255813105229,"WV04","31","9.8","10.4","7.1","21.5","1.5","3","O",0,8.59042976164485,377.170495086673,230,182.913062872393
"23",1457.63811036289,245,"D2","HM","2",1,146.999880484593,35.8912198972849,-6.39946332418647,12.5297075002728,"WV04","30","11.3","9.9","6.8","21.4","1.5","11","C",1,29.7477165380182,1261.98829730847,210,155.168034538174
"24",1034.71078374759,425,"D2","HM","3",1,-140.529733355643,-52.2550264969004,-31.5169861297766,6.89320051177043,"WV02","31","10.6","9.6","6.9","20","1.4","20","O",1,12.1730680440893,848.618515735383,300,124.025367630981
"25",610.156465290543,430,"D2","HM","4",1,38.6505344009832,-135.182032147909,-2.79730688020402,24.9555270258507,"WV04","31","10","9.1","7.5","17.1","1.3","29","O",0,7.09484261965748,452.045216020419,220,165.414513888594
"26",1097.1744590501,170,"D2","HM","5",1,-147.815547787391,-41.1837264194686,11.8836332278988,-33.447898328965,"WV02","30","12.8","9.8","7.1","19.1","1.4","36","O",1,32.2698370308852,709.630113481977,110,159.886432986667
"27",1017.02794432186,390,"D2","HM","6",1,64.9477719131672,-128.518896443734,24.2698987116198,5.56861617708706,"WV04","31","11.5","9.4","7","21.2","1.5","45","O",0,13.0388197989982,444.108813663203,150,140.121912665507
"28",839.04380999847,155,"D2","HM","7",1,146.235792679962,23.7705159048601,-8.79301165937545,17.5005875866523,"WV02","31","12.8","10","6.8","19.9","1.4","56","O",0,27.0659293547894,467.90351632275,65,155.155541879754
"29",663.006212167106,715,"D2","HL","1",2,92.1548815598021,136.911846282266,-26.9613917164075,-20.0138614503657,"WV04","30","9.9","10.7","7.8","19.7","1.5","5","O",0,4.63640707809165,454.926773845774,605,197.013614520926
"30",643.213942887384,170,"D2","HL","2",2,93.0625836382103,98.4461279698755,13.9029220924286,-18.2868529881951,"WV02","31","11.4","9.9","7.4","19.3","1.4","12","O",0,18.9180571437466,351.380992238804,50,141.041982612979
"31",303.379047349437,50,"D2","HL","3",2,-13.8578011022193,-148.156300311297,-30.8106272736083,-13.1221225724646,"WV02","31","11.3","9.1","7.8","20.8","1.6","24","C",0,30.3379047349437,0,0,136.094186035995
"32",379.609213174924,275,"D2","HL","4",2,-140.159613024499,43.2143552248876,-3.43087217072014,-13.5161439245141,"WV02","31","10.4","10","7.3","21.7","1.6","28","C",0,6.90198569408952,176.700573322167,135,148.030733664331
"33",941.543933275996,440,"D2","HL","5",2,-80.7490561962137,123.825696004911,-21.9983856428507,22.9854365829414,"WV02","31","12.8","9.3","7.3","19","1.4","38","O",1,10.6993628781363,582.939579783041,330,116.706466019497
"34",398.260393506426,470,"D2","HL","6",2,79.0377336611294,-125.078573898939,-4.23301181829518,-26.8464355434045,"WV02","30","11.4","9.9","6.9","20.9","1.4","44","O",0,4.23681269687687,28.1547291799921,20,128.777210944328
"35",584.365958798015,115,"D2","HL","7",2,-20.9786686260814,-140.310865862474,-19.7565806047709,3.16593962785003,"WV02","31","12.1","10.4","7.3","18.9","1.4","52","C",0,25.4072155999137,187.149767243117,35,143.482010066907
"36",193.351079675683,120,"D2","LL","1",2,146.761170014083,-10.410333155925,10.0260237790433,7.53335488756897,"WV02","30","9.9","10.7","7.3","19.3","1.4","6","O",0,8.05629498648679,-2.8421709430404e-14,0,137.907491299494
"37",520.514114926514,290,"D2","LL","2",2,-17.0452164073961,-149.707927574411,-4.45136955639536,3.04134297184593,"WV02","31","9.9","10.7","7.3","18","1.3","16","O",1,8.97438129183645,377.186412065058,190,153.267558964446
"38",648.878800915423,1295,"D2","LL","3",2,-26.6444187426548,-40.018471597327,-16.0191024925246,4.70765242281051,"WV04","31","11.6","9.9","7.5","18.6","1.4","23","C",0,2.505323555658,195.189792968114,295,45.9708985694211
"39",168.706446031317,150,"D2","LL","4",2,-127.438803753342,68.6852547488706,-20.6563480474686,-22.0481271617759,"WV02","31","10","10.1","7.5","19.8","1.5","30","C",0,5.6235482010439,0,0,140.12508497596
"40",229.649987114914,325,"D2","LL","5",2,-77.2306333970142,-115.531334929429,-1.55002623258639,26.5925262274627,"WV04","30","12.4","10.1","7","20.2","1.4","33","O",1,3.53307672484482,229.649987114914,325,161.017844386639
"41",616.097819286137,215,"D2","LL","6",2,-82.0339705001244,118.824995410834,-21.0895906276066,-10.2547394018555,"WV02","31","11.3","10.1","6.8","19.3","1.3","46","O",1,14.3278562624683,473.609439401705,170,142.743810294387
"42",289.164695543609,140,"D2","LL","7",2,140.427373537151,31.8169919140323,0.265740225823217,-0.527649213378951,"WV02","31","11.2","10.5","7.4","20","1.5","54","C",1,10.3273105551289,179.506421765793,40,143.8452615214
"43",522.057314470732,365,"D2","HH","1",2,140.195875323831,35.4315589087591,14.9950830068847,-20.0576050817798,"WV02","31","9.6","10.6","7.6","19.9","1.5","7","O",0,7.15147006124291,220.19120892082,75,136.946287708576
"44",1465.95517824321,1295,"D2","HH","2",2,11.2501246506892,-32.3584574327015,-1.60408504358209,-22.7693639272808,"WV02","32","10.7","11","7.5","19.1","1.4","10","O",0,5.66005860325565,838.623895980964,385,16.0368769129154
"45",695.245295201683,1295,"D2","HH","3",2,6.89761136388437,-39.4629398123456,1.36662963534662,-19.8274472002775,"WV04","31","10.9","10.6","7","20.7","1.4","17","C",1,2.68434476911847,316.343100546231,280,20.3996159032468
"46",399.117524785786,280,"D2","HH","4",2,37.0396115679982,139.352226434355,-4.3130278055653,-16.1108001039185,"WV02","31","11.1","10.4","7.6","20.2","1.5","32","C",1,7.12709865688903,362.17632810679,235,160.868870212978
"47",1283.43979124205,335,"D2","HH","5",2,137.849971928727,25.8969562738423,10.648820195892,22.7094143305274,"WV02","30","12.4","9.1","7.6","21","1.6","34","O",0,19.1558177797321,685.895030666397,135,127.241083875453
"48",1239.0987126827,530,"D2","HH","6",2,61.1045219613953,136.488060777452,-20.862408246446,-19.3385520150455,"WV02","31","11.9","9.6","7.2","20.2","1.5","48","O",0,11.6896104970066,561.560647854775,120,176.069619475025
"49",964.703121589272,310,"D2","HH","7",2,147.483582000663,-23.1523860846725,-25.7209662712723,-8.5838992766732,"WV04","31","12.7","10.3","7.1","19.9","1.4","55","C",1,15.5597277675689,514.639176798631,125,173.816156757535
"50",351.840446770065,135,"D2","HM","1",2,-131.673205868673,-64.5056485686801,-16.3920168592079,18.2116747908435,"WV04","31","9.8","10.4","7.1","21.5","1.5","3","O",1,13.0311276581505,351.840446770065,135,141.886955437066
"51",534.624910786197,190,"D2","HM","2",2,118.706399526687,-102.212613743366,-14.2849309347687,-10.4755687172052,"WV04","30","11.3","9.9","6.8","21.4","1.5","11","C",1,14.0690765996368,267.110623123538,95,161.562308129217
"52",1826.18720628004,525,"D2","HM","3",2,-53.5130021747977,-138.128030380079,-8.50582119871825,-8.665042927501,"WV02","31","10.6","9.6","6.9","20","1.4","20","O",1,17.3922591074289,1132.59194268581,305,137.063165947529
"53",246.324711968384,140,"D2","HM","4",2,-0.0789302124891407,147.151173567667,15.9720844533929,21.976969105263,"WV04","31","10","9.1","7.5","17.1","1.3","29","O",1,8.797311141728,209.617676335403,85,126.199114634771
"54",1264.87780825353,910,"D2","HM","5",2,122.777894983504,77.6753572653493,-14.2604657966756,-21.0139221027833,"WV02","30","12.8","9.8","7.1","19.1","1.4","36","O",0,6.94987806732708,803.669434404163,645,168.875949109161
"55",1412.61108311254,885,"D2","HM","6",2,-132.364854474557,-57.6554370123865,19.5390697794785,18.9440444264858,"WV04","31","11.5","9.4","7","21.2","1.5","45","O",1,7.98085357690698,671.358775375487,340,170.124315606206
"56",375.134738815582,75,"D2","HM","7",2,140.917837337896,-18.7756737564926,2.24917787227194,-2.77684187142197,"WV02","31","12.8","10","6.8","19.9","1.4","56","O",0,25.0089825877054,116.825568758992,20,139.588537278961
"57",910.604908490741,455,"D2","HL","1",3,29.6041466103356,95.5654325814191,12.489355119591,-5.62851219211139,"WV04","30","9.9","10.7","7.8","19.7","1.5","5","O",0,10.0066473460521,634.620150230757,225,102.631040853145
"58",1268.50363730555,315,"D2","HL","2",3,96.1506997816296,102.991199129357,26.7387359674784,-6.10392081055092,"WV02","31","11.4","9.9","7.4","19.3","1.4","12","O",0,20.1349783699294,638.306386224501,170,129.30493383951
"59",945.234908776208,645,"D2","HL","3",3,-134.525598284272,-70.2109213853412,-30.0549165534724,-1.48959377140543,"WV02","31","11.3","9.1","7.8","20.8","1.6","24","C",0,7.32740239361402,0,0,125.046968017301
"60",675.347735322272,275,"D2","HL","4",3,9.19788260921283,-147.153628281966,18.5493908629032,-25.7949610423285,"WV02","31","10.4","10","7.3","21.7","1.6","28","C",1,12.2790497331322,282.265314557944,205,121.718432543309
"61",282.924785596912,90,"D2","HL","5",3,89.7298010377131,94.6820574301828,-3.61686820188274,5.37516269616181,"WV02","31","12.8","9.3","7.3","19","1.4","38","O",0,15.7180436442729,182.172472698987,75,129.187159211587
"62",686.360673127332,370,"D2","HL","6",3,146.104174056212,11.7954993006733,26.8824998476431,-17.3418232184931,"WV02","30","11.4","9.9","6.9","20.9","1.4","44","O",0,9.27514423145043,254.178275347376,35,122.730563286738
"63",537.04604956142,200,"D2","HL","7",3,22.8506136318691,148.476620726251,-3.25329659009841,22.8418863235253,"WV02","31","12.1","10.4","7.3","18.9","1.4","52","C",1,13.4261512390355,469.654632353085,165,128.317966853126
"64",409.039669441757,185,"D2","LL","1",3,127.459471924752,64.4554881888535,-4.53847456741689,13.9153389768597,"WV02","30","9.9","10.7","7.3","19.3","1.4","6","O",0,11.0551262011286,7.10173818498913,20,141.342720224708
"65",398.316672364033,585,"D2","LL","2",3,78.3768906730081,108.944027731819,-12.1650454504354,-22.4531923963797,"WV02","31","9.9","10.7","7.3","18","1.3","16","O",0,3.4044160031114,293.371400666799,535,159.571525199203
"66",583.712463750404,335,"D2","LL","3",3,-137.523809074916,-28.8599151787737,-10.8208259617541,-9.1205352729666,"WV04","31","11.6","9.9","7.5","18.6","1.4","23","C",0,8.7121263246329,211.702763411745,55,128.231388703546
"67",397.916024074067,135,"D2","LL","4",3,-131.642006584483,59.3255622774114,-30.5148538495548,-9.41781308055715,"WV02","31","10","10.1","7.5","19.8","1.5","30","C",0,14.7376305212617,103.151180239955,45,122.279813035022
"68",456.932599420814,315,"D2","LL","5",3,-59.3148749643822,-130.928610551551,15.4948733913834,-16.6803957946147,"WV04","30","12.4","10.1","7","20.2","1.4","33","O",1,7.25289840350499,405.25626815408,265,136.561901803541
"69",695.584901227062,375,"D2","LL","6",3,-85.0632345048923,117.526489150003,29.4582006465293,10.5559739137997,"WV02","31","11.3","10.1","6.8","19.3","1.3","46","O",1,9.27446534969416,504.801875558214,65,156.709445277048
"70",388.423543621265,135,"D2","LL","7",3,-141.246323307064,29.2922485541192,1.56262773468847,25.8218977715191,"WV02","31","11.2","10.5","7.4","20","1.5","54","C",0,14.3860571711579,165.96223635325,105,142.851110713918
"71",1412.36794013334,470,"D2","HH","1",3,48.4015137350767,-126.723506057689,2.13516000071608,-24.9645522381504,"WV02","31","9.6","10.6","7.6","19.9","1.5","7","O",0,15.0251908524823,658.891586538964,125,111.783094295694
"72",2738.10079492885,1010,"D2","HH","2",3,111.215579417776,-80.6414268936783,-27.486350258626,-6.5986007622929,"WV02","32","10.7","11","7.5","19.1","1.4","10","O",0,13.5549544303408,1558.10291055571,605,157.22775008719
"73",3926.58931581827,975,"D2","HH","3",3,-118.039934917931,92.4016815700373,6.94000205318292,-9.58907111360724,"WV04","31","10.9","10.6","7","20.7","1.4","17","C",0,20.1363554657347,1522.79342044617,340,161.313664264005
"74",2849.775887692,1025,"D2","HH","4",3,-39.8291559539417,138.550945548548,13.1396656470368,15.0512886997785,"WV02","31","11.1","10.4","7.6","20.2","1.5","32","C",0,13.9013457936195,1044.50755558496,480,134.379541982997
"75",494.046525733746,235,"D2","HH","5",3,146.928766416749,-9.05232465902167,7.17480933076262,-28.6516178424047,"WV02","30","12.4","9.1","7.6","21","1.6","34","O",0,10.511628207101,140.955013066423,75,141.121581675093
"76",1224.95732661898,595,"D2","HH","6",3,134.680962362562,-63.2532332493308,-11.7485896483453,-9.83816682491175,"WV02","31","11.9","9.6","7.2","20.2","1.5","48","O",0,10.2937590472183,539.347618034822,380,155.867838322215
"77",322.980725723792,280,"D2","HH","7",3,60.157357883598,-129.240888003854,27.0480570196143,-3.3553755533014,"WV04","31","12.7","10.3","7.1","19.9","1.4","55","C",1,5.76751295935343,161.238633138856,180,130.166770139848
"78",513.053717638513,275,"D2","HM","1",3,86.030393710417,123.698831002523,23.224454917889,6.64352541704633,"WV04","31","9.8","10.4","7.1","21.5","1.5","3","O",0,9.32824941160934,254.366497394473,130,132.840244328743
"79",268.616618551277,120,"D2","HM","2",3,114.844849196743,-103.558338919362,36.723921258281,-11.5250778155974,"WV04","30","11.3","9.9","6.8","21.4","1.5","11","C",1,11.1923591063032,268.616618551277,120,120.718683439474
"80",1223.86547212297,400,"D2","HM","3",3,-18.909013064447,-144.228071413607,-13.816968824997,-2.54000451359092,"WV02","31","10.6","9.6","6.9","20","1.4","20","O",1,15.2983184015372,884.720952375724,260,141.779537368409
"81",185.991830363775,120,"D2","HM","4",3,-137.359183713917,47.9846284479353,-23.6615031817841,-4.31058494156194,"WV04","31","10","9.1","7.5","17.1","1.3","29","O",1,7.74965959849064,185.991830363775,120,125.147720322186
"82",580.294637653007,265,"D2","HM","5",3,144.818224808165,14.1518743342302,8.44035890921576,20.9232383746786,"WV02","30","12.8","9.8","7.1","19.1","1.4","36","O",0,10.9489554274152,226.111157445207,90,136.545866572811
"83",1330.1980528147,475,"D2","HM","6",3,141.266058284564,4.80599547046741,-28.8234062089093,-4.43765471349574,"WV04","31","11.5","9.4","7","21.2","1.5","45","O",0,14.0020847664705,828.376781490555,340,170.340456147094
"84",1154.98600305564,460,"D2","HM","7",3,22.7437694117392,-131.829917300837,-19.3174994551617,0.487836160843861,"WV02","31","12.8","10","6.8","19.9","1.4","56","O",0,12.5541956853874,797.864237232837,385,138.842134166254
"85",934.884240475691,485,"D2","HL","1",4,147.717190164655,-4.63113387619724,-8.6538595360758,-7.91247207450806,"WV04","30","9.9","10.7","7.8","19.7","1.5","5","O",0,9.63798186057413,549.160764016212,400,156.405474216474
"86",389.510769817008,230,"D2","HL","2",4,-34.2508040521594,141.926809108993,15.2710483210635,-8.29074271556801,"WV02","31","11.4","9.9","7.4","19.3","1.4","12","O",1,8.46762543080452,157.073484907061,125,158.169929944475
"87",677.146337538861,265,"D2","HL","3",4,-57.996818272168,-137.478566166312,-4.50382280876972,15.8867626754857,"WV02","31","11.3","9.1","7.8","20.8","1.6","24","C",0,12.7763459912993,133.403613554264,50,162.426674700925
"88",379.891579645032,250,"D2","HL","4",4,-96.8281031836807,-103.140322611918,30.0520809377209,14.1295583551882,"WV02","31","10.4","10","7.3","21.7","1.6","28","C",0,7.59783159290064,240.792790107111,210,172.773858279313
"89",651.412099996104,335,"D2","HL","5",4,-142.629168788741,47.8780046250139,-7.42760275513121,15.3522659914414,"WV02","31","12.8","9.3","7.3","19","1.4","38","O",1,9.72256865665827,475.685985229755,280,139.058934022953
"90",2337.67012754072,1270,"D2","HL","6",4,-91.6899623626828,-112.546355795156,29.6853304604682,0.657000922983747,"WV02","30","11.4","9.9","6.9","20.9","1.4","44","O",1,9.2034256989792,1369.39473950525,575,165.97277391235
"91",1002.75430921717,390,"D2","HL","7",4,-13.291174426225,149.976993894436,-9.48661875541663,-2.56162760552299,"WV02","31","12.1","10.4","7.3","18.9","1.4","52","C",0,12.8558244771432,424.609977059743,165,152.58605995621
"92",337.834320368976,430,"D2","LL","1",4,68.5898842532322,127.352075338756,20.7852544911201,-14.5823015775759,"WV02","30","9.9","10.7","7.3","19.3","1.4","6","O",0,3.92830605080205,0,0,149.768654855814
"93",405.206497177463,585,"D2","LL","2",4,75.9412541154506,113.402786097047,-1.33707815143393,-15.2719480465643,"WV02","31","9.9","10.7","7.3","18","1.3","16","O",0,3.46330339467917,121.362134636825,500,150.097061413207
"94",580.885326147324,280,"D2","LL","3",4,-137.442261044674,-42.9324021415946,13.9286633405471,-13.4696063916396,"WV04","31","11.6","9.9","7.5","18.6","1.4","23","C",0,10.3729522526308,257.103755377319,175,154.211585435855
"95",277.12831149406,365,"D2","LL","4",4,-73.4129463136785,127.881922684737,-26.5606385634281,-15.2046350953561,"WV02","31","10","10.1","7.5","19.8","1.5","30","C",0,3.79627823964466,0,0,150.561953224844
"96",322.437129079472,525,"D2","LL","5",4,-111.795750006887,95.7030413669156,37.0671336346664,-1.60895057406375,"WV04","30","12.4","10.1","7","20.2","1.4","33","O",1,3.07082980075688,250.652014780941,85,177.847636761358
"97",394.112020230751,610,"D2","LL","6",4,99.0627335879945,-107.05284198093,31.676270819015,5.2329168119146,"WV02","31","11.3","10.1","6.8","19.3","1.3","46","O",0,3.23042639533402,-5.6843418860808e-14,0,130.954293523351
"98",423.308199425771,285,"D2","LL","7",4,-10.8961493277181,131.871189139964,6.17891337714809,-2.5309003215655,"WV02","31","11.2","10.5","7.4","20","1.5","54","C",0,7.42645963904861,128.462107447476,115,135.482395232739
"99",2278.94821061977,1075,"D2","HH","1",4,120.168116169443,87.6148404546128,-17.9563674225244,-9.57181559513679,"WV02","31","9.6","10.6","7.6","19.9","1.5","7","O",0,10.5997591191617,1393.08845648782,700,168.889369356629
"100",2570.75219611009,1250,"D2","HH","2",4,54.0107676167636,-102.530120482168,7.53329233774793,0.625561950591917,"WV02","32","10.7","11","7.5","19.1","1.4","10","O",0,10.2830087844404,1434.24013491657,400,113.142611453334
"101",249.063009506219,245,"D2","HH","3",4,117.005808133783,-69.371956678187,3.97009817758563,18.3509919552141,"WV04","31","10.9","10.6","7","20.7","1.4","17","C",1,5.08291856135141,249.063009506219,245,143.081750905697
"102",670.943417842689,400,"D2","HH","4",4,-44.580082181141,-138.447100977676,-22.152976305645,13.2246514616276,"WV02","31","11.1","10.4","7.6","20.2","1.5","32","C",0,8.38679272303361,304.69779773448,160,153.320890833441
"103",748.643534275016,415,"D2","HH","5",4,141.132629729762,20.1666008083147,5.29599741507736,-12.3517708730163,"WV02","30","12.4","9.1","7.6","21","1.6","34","O",0,9.01980161777128,388.789702889548,175,139.674747808614
"104",617.74959935873,355,"D2","HH","6",4,24.7351903231757,-144.16638624477,-12.0128339138597,13.5805198250296,"WV02","31","11.9","9.6","7.2","20.2","1.5","48","O",0,8.70069858251732,461.982298627207,305,161.970687656502
"105",1288.94821575565,1295,"D2","HH","7",4,-25.0152533885561,-13.4700863184439,-4.42342661743995,-21.0372201290979,"WV04","31","12.7","10.3","7.1","19.9","1.4","55","C",0,4.97663403766661,638.705797204025,880,21.938205119836
"106",199.390002544595,385,"D2","HM","1",4,129.006650473772,70.7507268713055,1.77904293068095,-16.9707406087888,"WV04","31","9.8","10.4","7.1","21.5","1.5","3","O",0,2.5894805525272,-5.6843418860808e-14,0,154.537762304234
"107",1042.21480130108,360,"D2","HM","2",4,106.85360335534,102.075395450518,19.1695444403501,14.7881700784594,"WV04","30","11.3","9.9","6.8","21.4","1.5","11","C",1,14.4752055736262,684.147617646264,280,123.723699835399
"108",384.698234397683,170,"D2","HM","3",4,118.180263470232,86.7158937251215,3.0986604301082,-5.66672467117308,"WV02","31","10.6","9.6","6.9","20","1.4","20","O",0,11.314653952873,228.656614061028,95,147.574806589878
"109",1691.24560162018,755,"D2","HM","4",4,13.1772673889476,-136.225172585981,12.2894907435679,12.5898342810284,"WV04","31","10","9.1","7.5","17.1","1.3","29","O",0,11.2003019974847,918.384147710536,220,148.817654921048
"110",1878.8289739752,815,"D2","HM","5",4,138.49583542475,60.4981563348879,17.8194543282614,27.2796465806103,"WV02","30","12.8","9.8","7.1","19.1","1.4","36","O",0,11.5265581225473,560.42346336163,140,125.164924578893
"111",1486.69223228386,490,"D2","HM","6",4,-138.502437984714,-45.5143568489147,-14.2988884516739,27.3898004747495,"WV04","31","11.5","9.4","7","21.2","1.5","45","O",1,15.1703289008557,707.163152582591,175,144.01922743745
"112",1296.27354399429,1270,"D2","HM","7",4,-29.5765180898049,25.3223749818899,14.2658180630951,28.39492053503,"WV02","31","12.8","10","6.8","19.9","1.4","56","O",1,5.10343914958383,777.877517767163,770,43.949868890817
"113",452.219489375837,585,"D2","HL","1",5,57.8034157286904,-130.561980707617,21.6517572162316,2.62010958728161,"WV04","30","9.9","10.7","7.8","19.7","1.5","5","O",0,3.86512384081912,302.722123630765,230,138.001491254696
"114",907.945182867225,1295,"D2","HL","2",5,23.0329424773412,2.65182261011054,9.88764696894449,-16.4546735311741,"WV02","31","11.4","9.9","7.4","19.3","1.4","12","O",0,3.50557985663021,183.19796869529,240,23.1917439792699
"115",869.654022826721,335,"D2","HL","3",5,-5.99757510249476,-147.115234380026,17.7933209365205,-20.1274045929916,"WV02","31","11.3","9.1","7.8","20.8","1.6","24","C",0,12.9799107884585,98.4104393616336,80,129.197196751168
"116",615.558915857217,320,"D2","HL","4",5,103.311012724618,-105.964862745223,0.942721225333528,13.9289180430967,"WV02","31","10.4","10","7.3","21.7","1.6","28","C",1,9.61810806026902,223.274075742693,125,157.650835000009
"117",1000.1344466046,1295,"D2","HL","5",5,28.8398523218324,16.1690491697841,2.48300906076055,4.76097326228377,"WV02","31","12.8","9.3","7.3","19","1.4","38","O",0,3.8615229598633,370.2179474023,390,28.7198081922564
"118",1327.02620595501,1235,"D2","HL","6",5,-16.1894214213657,-151.271254615017,-11.9709832904316,20.8730312446517,"WV02","30","11.4","9.9","6.9","20.9","1.4","44","O",1,5.37257573261138,439.565579575401,195,172.195965035189
"119",745.357755320254,185,"D2","HL","7",5,123.013631040807,83.0481123867141,7.55930791608898,-11.0494660011131,"WV02","31","12.1","10.4","7.3","18.9","1.4","52","C",1,20.1448041978447,477.508912614243,140,148.943126684785
"120",628.355746325042,1140,"D2","LL","1",5,141.19813654835,48.7499776196206,-0.0456386007885303,-14.2710204932275,"WV02","30","9.9","10.7","7.3","19.3","1.4","6","O",0,2.75594625581159,408.295359190452,1065,154.665607752726
"121",225.836921614232,490,"D2","LL","2",5,-126.633216262528,-84.8558443715442,-13.6793153969053,-3.16907442512629,"WV02","31","9.9","10.7","7.3","18","1.3","16","O",1,2.30445838381869,225.836921614232,490,139.396241359084
"122",385.642676916531,795,"D2","LL","3",5,145.059532579681,45.3219523339904,24.9445151472263,-6.60367640559382,"WV04","31","11.6","9.9","7.5","18.6","1.4","23","C",1,2.42542564098447,385.642676916531,795,130.858275752052
"123",188.26537222799,385,"D2","LL","4",5,35.1516798749133,138.478121705675,26.0983927373233,-0.726203778860389,"WV02","31","10","10.1","7.5","19.8","1.5","30","C",1,2.44500483412974,188.26537222799,385,139.498409459033
"124",326.233304258709,165,"D2","LL","5",5,-147.25699181748,12.9462839929666,18.1302827747624,-3.57580159784548,"WV04","30","12.4","10.1","7","20.2","1.4","33","O",1,9.88585770480936,216.396332674723,30,166.210498793909
"125",575.17847897688,1295,"D2","LL","6",5,-9.12035728360187,28.8715479629938,29.5809251307848,-0.00464401797703573,"WV02","31","11.3","10.1","6.8","19.3","1.3","46","O",1,2.22076632809606,137.105500902048,250,48.2868897718625
"126",263.850077921102,250,"D2","LL","7",5,-143.385583160642,29.5243705023951,9.1076206829277,-15.4740663607181,"WV02","31","11.2","10.5","7.4","20","1.5","54","C",0,5.27700155842203,12.2454468871529,125,158.993825473193
"127",538.852696038435,1295,"D2","HH","1",5,-0.197881296731533,-4.87926704663762,-2.90532298423228,-10.1514104161585,"WV02","31","9.6","10.6","7.6","19.9","1.5","7","O",1,2.08051233991674,514.808083970338,1215,5.92669690468477
"128",1364.56487978853,675,"D2","HH","2",5,30.2980761075531,-131.235874739268,30.6560779828631,2.90878852937341,"WV02","32","10.7","11","7.5","19.1","1.4","10","O",0,10.1078879984335,677.821098161459,205,134.145140980954
"129",977.217838858655,195,"D2","HH","3",5,53.2150032751751,-132.578145047452,-44.4868439079412,-0.289581681879412,"WV04","31","10.9","10.6","7","20.7","1.4","17","C",1,25.0568676630424,212.441280355879,50,164.45642261803
"130",773.760471258776,500,"D2","HH","4",5,11.4544779963223,-144.124371353327,4.46819041250426,10.7966318561672,"WV02","31","11.1","10.4","7.6","20.2","1.5","32","C",1,7.73760471258776,357.378239741528,270,155.07844933981
"131",911.01523190599,250,"D2","HH","5",5,24.9064388886807,-145.472056716348,-4.23794544580755,8.13377893960483,"WV02","30","12.4","9.1","7.6","21","1.6","34","O",0,18.2203046381198,360.010066603578,115,156.346243593506
"132",1611.11929340138,655,"D2","HH","6",5,149.496262391683,12.3532917749494,4.05042694540174,-14.2648696103387,"WV02","31","11.9","9.6","7.2","20.2","1.5","48","O",0,12.2986205603159,657.391290719192,125,147.861481002322
"133",883.364121913265,510,"D2","HH","7",5,80.9750019969827,124.541229397291,2.29796039360545,27.1892498666186,"WV04","31","12.7","10.3","7.1","19.9","1.4","55","C",1,8.6604325677771,426.438706407931,405,125.169823815487
"134",417.227615706837,215,"D2","HM","1",5,141.283540130618,-10.4670844345504,11.133004518829,9.55120188582212,"WV04","31","9.8","10.4","7.1","21.5","1.5","3","O",0,9.70296780713574,231.318047277695,95,131.681030172307
"135",1433.62705336234,365,"D2","HM","2",5,98.0936583126285,-118.658535658609,-11.7691057808201,-5.26829321126549,"WV04","30","11.3","9.9","6.8","21.4","1.5","11","C",1,19.6387267583882,827.969712399332,165,157.883419067741
"136",1479.02359489238,715,"D2","HM","3",5,36.8316370105866,141.550893570194,18.151053034646,-12.3192841875438,"WV02","31","10.6","9.6","6.9","20","1.4","20","O",0,10.3428223419048,966.362563095559,255,154.999986518967
"137",645.425029176622,265,"D2","HM","4",5,143.641702645614,-36.4343765115981,-10.7242695515145,-8.80637485611757,"WV04","31","10","9.1","7.5","17.1","1.3","29","O",0,12.1778307391815,425.51566740522,215,156.818875929653
"138",844.880126865402,290,"D2","HM","5",5,137.675521452038,49.870692536494,-10.3975268519932,11.4257204185154,"WV02","30","12.8","9.8","7.1","19.1","1.4","36","O",0,14.5668987390586,409.821027227089,125,152.982494146226
"139",2270.60924763149,555,"D2","HM","6",5,135.798391713045,33.2530324293967,-28.8657438463961,0.923564006576406,"WV04","31","11.5","9.4","7","21.2","1.5","45","O",0,20.4559391678513,1266.39138635294,270,167.807842689309
"140",1644.5012382858,585,"D2","HM","7",5,-133.661153622803,62.8543179377636,0.55370407790163,-3.00588233204746,"WV02","31","12.8","10","6.8","19.9","1.4","56","O",1,14.0555661391949,1147.51992993566,445,149.503157181379
"141",474.419616006427,315,"D2","HL","1",6,-119.158798760954,-81.687644062285,-21.1860674142256,29.8402542241163,"WV04","30","9.9","10.7","7.8","19.7","1.5","5","O",1,7.53047009534011,429.681622348569,280,148.449076062197
"142",582.244040667874,200,"D2","HL","2",6,-155.321126191825,-6.03453107565612,-25.0050711716761,17.4254368157419,"WV02","31","11.4","9.9","7.4","19.3","1.4","12","O",1,14.5561010166969,416.697768835526,120,132.410891883863
"143",1319.72016579553,615,"D2","HL","3",6,-117.026977369802,-94.9437449057491,10.9298751887794,-19.0987270789889,"WV02","31","11.3","9.1","7.8","20.8","1.6","24","C",0,10.7294322422401,347.306987718279,150,148.746169180386
"144",180.404076895746,60,"D2","HL","4",6,144.705433984419,14.1997363377275,12.0118303564828,-18.7912668781825,"WV02","31","10.4","10","7.3","21.7","1.6","28","C",1,15.0336730746455,180.404076895746,60,136.733312462472
"145",533.07399062005,540,"D2","HL","5",6,-32.582047706886,141.282514019344,-14.4690102586975,-17.6051383718989,"WV02","31","12.8","9.3","7.3","19","1.4","38","O",1,4.93587028351899,347.418847146005,270,159.91675399407
"146",463.093394629801,285,"D2","HL","6",6,-13.3027548375325,-148.53971329302,-3.39519928076761,8.76622145761075,"WV02","30","11.4","9.9","6.9","20.9","1.4","44","O",1,8.12444551982106,286.297665497833,230,157.617628344294
"147",659.402601309926,405,"D2","HL","7",6,142.764611581511,51.5281156544693,1.28796855379132,-16.3856334575275,"WV02","31","12.1","10.4","7.3","18.9","1.4","52","C",1,8.14077285567809,624.812303953616,325,156.932845003333
"148",545.979117819405,215,"D2","LL","1",6,8.05222324433116,142.326783548647,-3.2601963667636,-15.0969019672959,"WV02","30","9.9","10.7","7.3","19.3","1.4","6","O",0,12.6971887864978,523.696399399623,200,157.829615721765
"149",955.61174114065,390,"D2","LL","2",6,-7.50867274197121,-147.706972193238,16.1149519544628,-1.28968394010159,"WV02","31","9.9","10.7","7.3","18","1.3","16","O",1,12.2514325787263,472.574249119125,125,148.310815327811
"150",960.426633350353,1295,"D2","LL","3",6,-27.0673012126967,-39.2978929850081,31.3362636672392,5.57700680089804,"WV04","31","11.6","9.9","7.5","18.6","1.4","23","C",0,3.70821093957665,399.400010326961,665,73.6527869226956
"151",522.320680851971,235,"D2","LL","4",6,-56.1174000924996,131.470736682573,6.64326428616221,-23.3904871557692,"WV02","31","10","10.1","7.5","19.8","1.5","30","C",0,11.1132059755738,167.631460909753,130,167.095480615006
"152",301.475942502356,535,"D2","LL","5",6,11.0583677260262,-137.281609739091,-28.9198753959097,-7.59118672442316,"WV04","30","12.4","10.1","7","20.2","1.4","33","O",0,2.81753217291921,286.891473575489,525,135.712437693971
"153",502.243544053021,800,"D2","LL","6",6,-83.162738161835,120.826785441251,-11.9655408396071,-1.43607664687358,"WV02","31","11.3","10.1","6.8","19.3","1.3","46","O",1,3.13902215033138,492.7775986015,785,141.482325230115
"154",460.409492211672,145,"D2","LL","7",6,80.9136505123176,115.026318130289,-6.63780609970415,-23.8001000162338,"WV02","31","11.2","10.5","7.4","20","1.5","54","C",1,15.8761893866094,95.7116034718124,20,164.128096102648
"155",814.015867327398,375,"D2","HH","1",6,122.583835614255,84.1093049115099,0.0133046036118376,-7.60108424025959,"WV02","31","9.6","10.6","7.6","19.9","1.5","7","O",0,10.8535448976986,270.148529286171,90,153.082757195577
"156",1008.73514592714,680,"D2","HH","2",6,31.2939719553258,-130.577581567202,-9.8366968711217,13.7759063507874,"WV02","32","10.7","11","7.5","19.1","1.4","10","O",0,7.41717019064076,541.159225896991,510,150.098838743676
"157",723.492411903517,365,"D2","HH","3",6,-134.604626043538,65.2013623345348,-7.52882864314798,-3.39874116433049,"WV04","31","10.9","10.6","7","20.7","1.4","17","C",0,9.91085495758242,448.631572646187,290,144.409945935174
"158",394.570230349388,180,"D2","HH","4",6,-42.9822733140328,-140.480823108201,22.1830906284673,-17.4493514139983,"WV02","31","11.1","10.4","7.6","20.2","1.5","32","C",0,10.9602841763719,208.7266056877,115,139.223804304436
"159",936.031238979067,225,"D2","HH","5",6,92.4584341531487,-111.393811322119,24.9450089672801,-14.7659921597675,"WV02","30","12.4","9.1","7.6","21","1.6","34","O",0,20.8006941995348,412.648984202592,70,117.87704618118
"160",1071.9077025434,300,"D2","HH","6",6,-27.9291865839021,143.841633959996,-4.77965109991262,0.148278127530998,"WV02","31","11.9","9.6","7.2","20.2","1.5","48","O",1,17.8651283757233,566.062600075961,175,145.546149050808
"161",1586.87656705491,1295,"D2","HH","7",6,48.2212777196479,1.30006643083589,-14.6495044101805,10.2331101418925,"WV04","31","12.7","10.3","7.1","19.9","1.4","55","C",1,6.12693655233555,846.390430989504,1005,63.5022402404829
"162",463.502329754303,215,"D2","HM","1",6,139.951494577961,-10.6168350460519,-22.0349769410796,-5.12653374182675,"WV04","31","9.8","10.4","7.1","21.5","1.5","3","O",0,10.7791239477745,52.0055378741944,125,162.079487794107
"163",1683.57287401509,455,"D2","HM","2",6,-123.825660397798,72.0636340721813,10.7648801677601,-16.8064823390787,"WV04","30","11.3","9.9","6.8","21.4","1.5","11","C",0,18.5008008133526,532.152600308568,155,161.283945886378
"164",2249.25720150692,1295,"D2","HM","3",6,11.8210137969677,11.3494862285435,15.623008401876,12.8013917710112,"WV02","31","10.6","9.6","6.9","20","1.4","20","O",0,8.68439073940896,1068.33447176262,595,4.06979025012346
"165",615.833463820554,230,"D2","HM","4",6,-129.051325732052,64.5781007534281,-10.9694829641776,-12.4727660003151,"WV04","31","10","9.1","7.5","17.1","1.3","29","O",1,13.387683996099,615.833463820554,230,140.997012943395
"166",513.787998899845,220,"D2","HM","5",6,-75.9649953994648,130.144933572227,17.3254424864763,2.65367228719047,"WV02","30","12.8","9.8","7.1","19.1","1.4","36","O",1,11.6769999749965,338.577307058807,95,157.978250101082
"167",701.943436425345,215,"D2","HM","6",6,93.0813832298436,-109.587487102584,-24.9456873661492,8.90394917721033,"WV04","31","11.5","9.4","7","21.2","1.5","45","O",0,16.3242659633801,240.354964305923,85,167.244162424642
"168",1104.27726042541,360,"D2","HM","7",6,-118.259182640796,-89.526455513054,28.1027692602162,-7.54840863142988,"WV02","31","12.8","10","6.8","19.9","1.4","56","O",1,15.3371841725751,639.7636367294,160,167.756433959476
"169",1577.57355745701,640,"D2","HL","1",7,119.862880130542,-85.1558625287268,-27.5214230420058,9.57627585979811,"WV04","30","9.9","10.7","7.8","19.7","1.5","5","O",0,12.3247934176329,899.67444030203,390,175.203626861204
"170",796.618422604133,255,"D2","HL","2",7,9.78209758515703,-148.130801090909,-6.84130384488887,5.05367616907818,"WV02","31","11.4","9.9","7.4","19.3","1.4","12","O",0,15.6199690706693,335.418262066169,115,154.083813389077
"171",355.968163782747,455,"D2","HL","3",7,-141.547314247217,-60.1206653323101,-25.372583717014,-15.1843485340371,"WV02","31","11.3","9.1","7.8","20.8","1.6","24","C",0,3.91173806354667,0,0,124.56259703924
"172",288.287768162682,375,"D2","HL","4",7,31.6549852365164,-144.241789291439,12.8490864483966,-17.3142505896626,"WV02","31","10.4","10","7.3","21.7","1.6","28","C",1,3.84383690883576,125.33562725876,295,128.313140052451
"173",847.823803452847,465,"D2","HL","5",7,136.840740477093,-57.2526263411638,2.77452063055734,1.28216694334697,"WV02","31","12.8","9.3","7.3","19","1.4","38","O",0,9.11638498336394,449.819018549818,365,146.287639015742
"174",806.317502413178,290,"D2","HL","6",7,153.29868041613,1.25871070276098,-10.2058540974389,-10.667834216081,"WV02","30","11.4","9.9","6.9","20.9","1.4","44","O",0,13.9020259036755,362.331652671168,115,163.938937657288
"175",219.342661242985,140,"D2","HL","7",7,99.4941958808587,113.95218235164,-11.4975912509953,11.0347713082345,"WV02","31","12.1","10.4","7.3","18.9","1.4","52","C",1,7.83366647296375,179.564029449342,60,151.364362736412
"176",417.681741596669,215,"D2","LL","1",7,59.57024558991,-139.025518972445,-22.1662633840053,-17.5366071174245,"WV02","30","9.9","10.7","7.3","19.3","1.4","6","O",0,9.71352887434113,295.854560993785,125,146.425450666747
"177",656.626823504706,395,"D2","LL","2",7,-7.57258426444355,-146.883264358326,14.3769398803475,-6.05426136839777,"WV02","31","9.9","10.7","7.3","18","1.3","16","O",1,8.31173194309754,553.053038582356,210,142.529259077987
"178",1135.46084779133,805,"D2","LL","3",7,-127.42185650732,-57.6955390381952,-7.01477805718429,10.4441212654989,"WV04","31","11.6","9.9","7.5","18.6","1.4","23","C",0,7.05255184963557,543.794070591641,305,138.350561427123
"179",862.740339333141,735,"D2","LL","4",7,79.2730758626024,-123.658095890249,-13.182523606568,1.37327394291032,"WV02","31","10","10.1","7.5","19.8","1.5","30","C",1,5.86898190022545,637.699045011768,310,155.502029940319
"180",426.56947555358,180,"D2","LL","5",7,57.0091014754726,145.558310863514,-35.5192710541122,11.8761565577635,"WV04","30","12.4","10.1","7","20.2","1.4","33","O",0,11.8491520987106,180.014979684162,65,162.580497301491
"181",244.603407915807,440,"D2","LL","6",7,-107.164942783173,100.308062637055,-25.7646076012212,-14.8372026364506,"WV02","31","11.3","10.1","6.8","19.3","1.3","46","O",1,2.77958418086144,244.603407915807,440,141.01222174918
"182",364.83636639439,390,"D2","LL","7",7,116.22830367501,-87.0099470069349,-26.6893865995939,-18.9339850960493,"WV02","31","11.2","10.5","7.4","20","1.5","54","C",1,4.67738931274859,307.715759571932,365,158.302883054984
"183",773.467224480189,285,"D2","HH","1",7,136.354169354813,62.1912510573548,-4.8436725907262,17.1522820975475,"WV02","31","9.6","10.6","7.6","19.9","1.5","7","O",0,13.569600429477,222.995953793542,150,148.2070824726
"184",2862.49846644005,1015,"D2","HH","2",7,113.70582469659,-83.3493495165286,4.39629583498517,10.8527706734867,"WV02","32","10.7","11","7.5","19.1","1.4","10","O",0,14.1009776671924,1684.53291160417,510,144.300424629451
"185",695.714328596252,1295,"D2","HH","3",7,0.823641659186631,-41.6038702797859,-7.38180003407771,-0.962128690399755,"WV04","31","10.9","10.6","7","20.7","1.4","17","C",1,2.68615570886584,566.056066524114,880,41.4617948574347
"186",258.586969340524,205,"D2","HH","4",7,118.213130492351,-79.0921746665148,11.7006657902048,0.718836466750217,"WV02","31","11.1","10.4","7.6","20.2","1.5","32","C",1,6.3069992522079,258.586969340524,205,133.096591372732
"187",713.245075557198,660,"D2","HH","5",7,2.61949300452387,-144.49287861372,7.70965262674244,-17.4031851778622,"WV02","30","12.4","9.1","7.6","21","1.6","34","O",0,5.40337178452422,430.242006431152,490,127.191587389261
"188",966.179911271072,615,"D2","HH","6",7,-26.7205265990845,-139.207720337874,0.545071821259615,-0.521466997679361,"WV02","31","11.9","9.6","7.2","20.2","1.5","48","O",1,7.85512122984612,538.264028672171,285,141.341040475723
"189",675.66971529178,745,"D2","HH","7",7,145.1442446124,-20.7131119336437,-0.643557252317556,5.15976737295292,"WV04","31","12.7","10.3","7.1","19.9","1.4","55","C",1,4.53469607578376,442.800557234774,245,148.065826766881
"190",956.110910326728,1035,"D2","HM","1",7,137.298193193768,38.4461626606174,12.3426604502307,19.7895109047776,"WV04","31","9.8","10.4","7.1","21.5","1.5","3","O",0,4.61889328660255,243.723071758496,70,126.34063407297
"191",679.200946403898,405,"D2","HM","2",7,-143.281636244443,2.45462667533088,-1.33571720636348,-29.4078428842482,"WV04","30","11.3","9.9","6.8","21.4","1.5","11","C",0,8.38519686918393,375.106862152758,250,145.478042666239
"192",911.541050838875,575,"D2","HM","3",7,127.663261819749,-68.3970991906979,-1.8588446586627,11.2520930361849,"WV02","31","10.6","9.6","6.9","20","1.4","20","O",0,7.92644392033804,481.601364249277,290,152.05252345489
"193",515.891535276693,405,"D2","HM","4",7,-25.9342394922471,-133.256000195859,12.0924082368349,-29.1985757658439,"WV04","31","10","9.1","7.5","17.1","1.3","29","O",1,6.36903129971226,376.645303060736,170,110.787966478855
"194",1931.63563367536,560,"D2","HM","5",7,148.020199267603,-13.257048708478,21.3733501339053,-26.8349219125656,"WV02","30","12.8","9.8","7.1","19.1","1.4","36","O",0,17.2467467292443,924.263598858673,255,127.372614938377
"195",997.271545256672,440,"D2","HM","6",7,140.404434916389,45.4927941055458,0.0869433678640479,4.19832752066635,"WV04","31","11.5","9.4","7","21.2","1.5","45","O",0,11.3326311960985,480.349637724984,100,146.267670402588
"196",1106.39298700165,1270,"D2","HM","7",7,-26.4186950680888,28.0667045108496,22.3713778383134,-15.4071614210867,"WV02","31","12.8","10","6.8","19.9","1.4","56","O",1,4.35587790158128,609.304828426817,755,65.3486666526563
"197",337.173624806237,470,"D2","HL","1",8,65.5954618248315,129.555815546764,-3.56843393042811,-4.55097502565872,"WV04","30","9.9","10.7","7.8","19.7","1.5","5","O",0,3.5869534553855,31.4201861647269,30,150.891602661248
"198",516.034676943147,395,"D2","HL","2",8,98.6625731544262,104.050791201353,-9.52454089885763,-32.5706207135509,"WV02","31","11.4","9.9","7.4","19.3","1.4","12","O",0,6.53208451826768,298.742406673144,240,174.269509211451
"199",826.008962379065,310,"D2","HL","3",8,136.346515427416,-5.63979259915475,-2.50931079122343,11.9169639788433,"WV02","31","11.3","9.1","7.8","20.8","1.6","24","C",1,13.3227251996623,422.246454129485,105,139.96135243845
"200",203.568423255575,170,"D2","HL","4",8,-95.2437187345823,-107.744248123637,8.42735091352296,-5.35279931067322,"WV02","31","10.4","10","7.3","21.7","1.6","28","C",0,5.98730656634044,47.85808182627,70,145.711013557658
"201",642.326941952019,235,"D2","HL","5",8,-3.90630004989568,-150.579906839924,-0.868422386198294,-14.5345061890368,"WV02","31","12.8","9.3","7.3","19","1.4","38","O",1,13.6665306798302,445.669794898958,195,136.07931414789
"202",598.015887683518,220,"D2","HL","6",8,-139.123147948211,-36.7931519288586,-5.10920038880986,12.7424696643541,"WV02","30","11.4","9.9","6.9","20.9","1.4","44","O",1,13.5912701746254,252.275437554388,155,142.875876015092
"203",322.33450051712,335,"D2","HL","7",8,144.627639925048,-41.4427064713524,22.0288714758076,13.6115604242258,"WV02","31","12.1","10.4","7.3","18.9","1.4","52","C",1,4.81096269428537,322.33450051712,335,134.392820971509
"204",869.747992743564,1000,"D2","LL","1",8,31.1600529486602,140.06645974978,-31.0312344017281,2.22201033863587,"WV02","30","9.9","10.7","7.3","19.3","1.4","6","O",0,4.34873996371782,450.776993941723,610,151.224496877193
"205",443.687808058286,1295,"D2","LL","2",8,-18.8877025038936,-1.05116419479121,9.81426459014746,-1.3462066537414,"WV02","31","9.9","10.7","7.3","18","1.3","16","O",1,1.71308033999338,156.282647720446,415,28.7034835014846
"206",638.518451095453,250,"D2","LL","3",8,111.914616063453,-104.614127364567,15.7250159009709,-1.30785079967596,"WV04","31","11.6","9.9","7.5","18.6","1.4","23","C",1,12.7703690219091,229.027399556633,165,141.154617200855
"207",1829.7359719017,400,"D2","LL","4",8,140.555613288298,-57.0375089367543,4.19759326774091,2.17526526166723,"WV02","31","10","10.1","7.5","19.8","1.5","30","C",1,22.8716996487713,887.284889069533,280,148.659551500063
"208",153.692288036067,115,"D2","LL","5",8,-134.998678211616,70.6312377388117,-19.2752537860426,9.92239759753917,"WV04","30","12.4","10.1","7","20.2","1.4","33","O",1,6.68227339287248,153.692288036067,115,130.680810496721
"209",318.612888113775,1295,"D2","LL","6",8,16.8093008632938,-27.8845221333856,0.715470565996469,-22.4080342696363,"WV02","31","11.3","10.1","6.8","19.3","1.3","46","O",0,1.23016559117287,65.8884996991544,105,17.0000968514888
"210",172.848118184431,235,"D2","LL","7",8,133.45947967815,58.5171519354574,-4.12329939606037,-5.40115758800353,"WV02","31","11.2","10.5","7.4","20","1.5","54","C",1,3.67761953583896,163.335767983723,210,151.705541725146
"211",1239.46706211928,780,"D2","HH","1",8,139.311771098283,-35.5961313563647,-18.7673796872635,21.0799705131219,"WV02","31","9.6","10.6","7.6","19.9","1.5","7","O",0,7.94530168025183,857.626257927477,630,167.932124491415
"212",1186.71849689577,660,"D2","HH","2",8,128.394001623665,76.1916786507705,-0.961711655476852,8.0418348983127,"WV02","32","10.7","11","7.5","19.1","1.4","10","O",0,8.99029164314976,621.073274891278,435,146.209786818256
"213",921.221661188801,270,"D2","HH","3",8,-65.0392177649321,-123.159079142732,10.4688327298947,16.0259739383754,"WV04","31","10.9","10.6","7","20.7","1.4","17","C",0,17.0596603923852,388.417922827114,120,158.347543999647
"214",615.762804395313,215,"D2","HH","4",8,119.717096920806,-81.9076847201424,-17.0836149429289,-6.13570377721551,"WV02","31","11.1","10.4","7.6","20.2","1.5","32","C",1,14.3200652184957,163.676584173333,40,156.383592049933
"215",2070.52057234183,520,"D2","HH","5",8,117.850368099741,-86.4386503598678,8.6559755641057,-13.2195861748243,"WV02","30","12.4","9.1","7.6","21","1.6","34","O",0,19.908851657133,952.035509324508,175,131.470326391015
"216",721.196767278552,210,"D2","HH","6",8,56.2055500101554,-135.771794046687,8.22375393640462,1.50313300591451,"WV02","31","11.9","9.6","7.2","20.2","1.5","48","O",0,17.1713516018703,229.391209851826,40,145.418906445345
"217",461.406426157859,295,"D2","HH","7",8,-103.425092962006,103.242737846109,18.7339465490048,2.31610459587487,"WV04","31","12.7","10.3","7.1","19.9","1.4","55","C",0,7.82044790098067,143.975670542268,225,158.458247603209
"218",170.406216404157,350,"D2","HM","1",8,41.694471312389,133.608874096073,0.610002000233939,24.3653826310959,"WV04","31","9.8","10.4","7.1","21.5","1.5","3","O",0,2.43437452005939,0,0,116.713641216955
"219",833.083628448711,245,"D2","HM","2",8,146.258743697657,39.6747635620321,-12.8183915808889,20.1447012228773,"WV04","30","11.3","9.9","6.8","21.4","1.5","11","C",1,17.0017067030349,704.952806572223,170,160.271514323039
"220",1125.0732893164,390,"D2","HM","3",8,140.547213252324,29.3970088214061,8.23454944140677,23.3974356983202,"WV02","31","10.6","9.6","6.9","20","1.4","20","O",0,14.4240165296974,454.476663393491,115,132.448616007869
"221",946.921697387617,585,"D2","HM","4",8,114.026790155746,-93.1224967007298,23.9833234389743,-2.98290769242776,"WV04","31","10","9.1","7.5","17.1","1.3","29","O",0,8.0933478409198,440.252429667778,135,127.408678687757
"222",1567.62735100166,365,"D2","HM","5",8,74.1006415800461,124.96792281952,3.13330870007471,15.9920718354451,"WV02","30","12.8","9.8","7.1","19.1","1.4","36","O",0,21.4743472739954,543.947798061469,110,130.046524112719
"223",2338.90562012148,1295,"D2","HM","6",8,95.113552820421,-40.620355208651,-10.5288825839255,-2.81879756880666,"WV04","31","11.5","9.4","7","21.2","1.5","45","O",0,9.03052362981265,1176.74335437964,645,112.201969314981
"224",1321.09942087728,1065,"D2","HM","7",8,-93.2099228181737,-113.486662817223,-0.214352056018508,2.88810200583024,"WV02","31","12.8","10","6.8","19.9","1.4","56","O",1,6.20234469895437,1051.77487582179,965,148.967318795097
"225",293.147929632267,425,"D2","HL","1",9,-120.836785219297,95.4731985762778,1.04299314055374,7.26608068416239,"WV04","30","9.9","10.7","7.8","19.7","1.5","5","O",1,3.44879917214432,262.55776901846,70,150.449911996917
"226",954.438106975382,470,"D2","HL","2",9,-40.6937974762738,136.274751666184,-29.6769542311198,-0.140896714021304,"WV02","31","11.4","9.9","7.4","19.3","1.4","12","O",1,10.1535968827168,563.572533205279,330,136.85978210592
"227",1312.92123187071,630,"D2","HL","3",9,-139.175302890977,-59.9862519182927,0.39523126144662,-3.95081282902333,"WV02","31","11.3","9.1","7.8","20.8","1.6","24","C",0,10.4200097767516,357.466969332746,215,150.399150388292
"228",931.427153917353,630,"D2","HL","4",9,-143.468107177719,-39.6108715420709,-5.1608863916807,0.228681114578817,"WV02","31","10.4","10","7.3","21.7","1.6","28","C",0,7.39227899934407,133.421797252843,315,143.930807256265
"229",1431.26439462109,600,"D2","HL","5",9,-82.5272880716912,121.343669937958,17.0226382094368,10.4066956730089,"WV02","31","12.8","9.3","7.3","19","1.4","38","O",1,11.9272032885091,812.314995555964,165,149.054352776563
"230",470.715573838914,880,"D2","HL","6",9,-118.621968312971,75.7782331501373,5.55301363118064,2.7905533809483,"WV02","30","11.4","9.9","6.9","20.9","1.4","44","O",1,2.67452030590292,284.006539471217,330,144.036896449903
"231",1155.41045794315,240,"D2","HL","7",9,-20.3506457515038,143.544731091381,22.780453608329,-10.444538620675,"WV02","31","12.1","10.4","7.3","18.9","1.4","52","C",0,24.0710512071489,899.55161674851,215,159.915561839491
"232",861.431074033513,1295,"D2","LL","1",9,-28.9855242281987,-4.17653881300141,-19.3175387880083,-21.7471400357333,"WV02","30","9.9","10.7","7.3","19.3","1.4","6","O",1,3.3259887028321,567.363775939678,935,20.0548241029434
"233",586.56197636701,365,"D2","LL","2",9,-131.488620755578,53.8753486841233,-2.39111269973608,-12.8317014420209,"WV02","31","9.9","10.7","7.3","18","1.3","16","O",1,8.03509556667137,336.914775005702,295,145.313444397826
"234",571.294538737996,1295,"D2","LL","3",9,36.0430150942995,43.6978459706208,13.1114121808611,-4.02173661787622,"WV04","31","11.6","9.9","7.5","18.6","1.4","23","C",1,2.20577041983782,571.294538737996,1295,52.9435262765902
"235",214.271645818575,320,"D2","LL","4",9,-104.586349963574,102.876189772449,3.44806900247687,3.48459251479397,"WV02","31","10","10.1","7.5","19.8","1.5","30","C",0,3.34799446591524,76.0553504907463,255,146.79960928681
"236",189.39260486039,120,"D2","LL","5",9,-146.767628810085,-12.8849891604611,-23.8022365742112,15.512065555086,"WV04","30","12.4","10.1","7","20.2","1.4","33","O",1,7.89135853584959,189.39260486039,120,126.201744854182
"237",302.33755636735,1295,"D2","LL","6",9,33.3466115567826,-6.43648099515985,18.5466245773528,-21.8822900891733,"WV02","31","11.3","10.1","6.8","19.3","1.3","46","O",0,1.16732647246081,-1.13686837721616e-13,0,21.3918824127284
"238",301.08530091989,270,"D2","LL","7",9,79.298518609467,-124.23439689693,-11.3979766118182,-1.57338545704622,"WV02","31","11.2","10.5","7.4","20","1.5","54","C",1,5.5756537207387,272.548469805513,140,152.55024737076
"239",245.72685045998,370,"D2","HH","1",9,134.835834726521,54.3632399053106,-9.25084472624851,7.55087943294291,"WV02","31","9.6","10.6","7.6","19.9","1.5","7","O",0,3.32063311432405,44.730498284725,310,151.500390391312
"240",1357.22196936485,740,"D2","HH","2",9,-52.2602803933457,-127.89633811415,24.1870498774795,20.3417758916059,"WV02","32","10.7","11","7.5","19.1","1.4","10","O",1,9.17041871192465,775.905972536167,280,166.789486327886
"241",1641.3545566496,730,"D2","HH","3",9,-115.778135321364,95.6236383954722,15.1208757065671,10.0742600555351,"WV04","31","10.9","10.6","7","20.7","1.4","17","C",0,11.2421544976,543.392692311113,275,156.375340838765
"242",1196.80141181711,485,"D2","HH","4",9,-91.077012614276,-110.430103510134,-10.0687813337737,-9.07548545548119,"WV02","31","11.1","10.4","7.6","20.2","1.5","32","C",0,12.3381588847125,8.60261806487317,5,129.750114204959
"243",1763.85355653344,690,"D2","HH","5",9,100.948334242578,-109.024350558252,24.8452807891498,-6.97810263239956,"WV02","30","12.4","9.1","7.6","21","1.6","34","O",0,12.7815475111119,815.4971934286,250,127.299298743866
"244",1010.04189831418,530,"D2","HH","6",9,-86.4303308171649,-109.127140094824,20.0554274376307,19.0666295735227,"WV02","31","11.9","9.6","7.2","20.2","1.5","48","O",1,9.52869715390735,857.317809325411,285,166.651910558745
"245",1361.65851522738,635,"D2","HH","7",9,77.804951629234,118.840036646126,28.6910298960706,12.9792730883814,"WV04","31","12.7","10.3","7.1","19.9","1.4","55","C",1,10.7217205923416,676.307672715056,330,116.699094122619
"246",192.074078796495,585,"D2","HM","1",9,-6.83116987264862,142.210966851966,-10.0784694301578,4.23826905061199,"WV04","31","9.8","10.4","7.1","21.5","1.5","3","O",1,1.64165879313244,120.226423331268,540,138.010906427717
"247",539.00862969561,360,"D2","HM","2",9,108.92978745367,-101.565845211559,4.5856981570097,-12.2956875046822,"WV04","30","11.3","9.9","6.8","21.4","1.5","11","C",1,7.48623096799458,539.00862969561,360,137.320246242715
"248",1142.8587170234,750,"D2","HM","3",9,119.36808738157,-81.6098220698088,-17.1413613882623,17.5834491791852,"WV02","31","10.6","9.6","6.9","20","1.4","20","O",0,7.6190581134893,665.983261358653,465,168.74280626006
"249",709.668717616163,435,"D2","HM","4",9,140.930451084041,63.4920226964684,17.324258968562,7.84920205308778,"WV04","31","10","9.1","7.5","17.1","1.3","29","O",0,8.1571116967375,313.846864842888,110,135.55299413307
"250",1438.33579838809,780,"D2","HM","5",9,101.081804581358,106.392031743811,8.97008584894348,-5.30586292157873,"WV02","30","12.8","9.8","7.1","19.1","1.4","36","O",0,9.22010127171851,546.106676153511,165,144.779102084935
"251",1078.23987718465,400,"D2","HM","6",9,134.158661156907,-48.7906916125023,6.56549078383604,10.7033526227703,"WV04","31","11.5","9.4","7","21.2","1.5","45","O",0,13.4779984648082,559.221187785117,140,140.781953478846
"252",3884.46233656768,1170,"D2","HM","7",9,-90.6433488963712,-108.940157752459,-7.1639854096558,12.3344051859114,"WV02","31","12.8","10","6.8","19.9","1.4","56","O",1,16.6002663955884,2236.96647375833,775,147.228814245174
"253",1800.90689370976,1005,"D1","HL","1",1,145.300195653407,43.613744706017,-12.0085742921018,-8.27266244875687,"WV04","31","10.1","10.3","8","19","1.5","1","O",0,8.9597357896008,617.777839836935,125,165.644946645529
"254",468.248948327834,310,"D1","HL","2",1,102.463837310279,-108.209859791854,9.74244436206165,4.2492546184164,"WV04","31","10.6","9.6","7.3","22","1.6","15","O",0,7.55240239238443,192.919990073387,90,145.754276521137
"255",1713.90634667143,465,"D1","HL","3",1,67.3620011505006,-125.34533064953,5.22328984789148,6.45697987335518,"WV02","31","10.6","10.7","7.8","21","1.6","18","O",0,18.4291005018433,941.723462010485,290,145.715711237739
"256",462.759228373688,90,"D1","HL","4",1,-105.050375564243,105.058387435804,1.62647907015521,-1.91708068540347,"WV02","31","10.7","10.2","9.6","22","2.1","26","C",0,25.7088460207604,198.001777977766,45,151.075153795851
"257",391.582555219373,620,"D1","HL","5",1,68.5865387939751,129.533323105302,10.5535845800996,4.53399079296426,"WV02","31","11.6","9.2","6.5","25","1.6","40","O",0,3.1579238324143,16.5889621558902,5,137.8138485542
"258",534.980818163947,135,"D1","HL","6",1,26.4974912587751,-143.59028965801,-4.42109081438359,8.51925130108116,"WV04","31","11.8","9.7","7.6","24.5","1.9","47","O",0,19.8141043764425,340.013771979932,65,155.220073341691
"259",651.932702538868,225,"D1","HL","7",1,10.1697727894801,125.209180967413,-7.46460712277139,-17.8625627775712,"WV04","31","11.6","10.2","6.3","28","1.8","53","O",0,14.4873933897526,589.314371398329,205,144.154414476699
"260",197.814296167016,105,"D1","LL","1",1,-58.8896201144959,134.664777654479,1.47091249357107,-24.5296998847572,"WV02","31","10","10.7","8","23","1.8","4","O",1,9.41972838890551,197.814296167016,100,170.253562593327
"261",797.300432942488,560,"D1","LL","2",1,-82.2249181850243,118.496639119707,-6.94286003662709,0.325998944486844,"WV02","32","10.9","10.4","7.8","26.5","2.1","14","O",1,7.11875386555793,402.040329618437,415,140.113127430944
"262",1327.899530858,245,"D1","LL","3",1,-122.121393343499,-93.0036355506729,-2.44658011525173,8.30094626290611,"WV04","31","10.6","10.4","7.6","25","1.9","19","O",1,27.0999904256736,878.494636417795,160,156.795022936444
"263",305.627363980084,210,"D1","LL","4",1,-58.0157748858285,-130.658461285586,6.02030227090401,-0.631753976598494,"WV04","31","11.3","10.6","8.1","21","1.7","31","C",0,7.27684199952582,143.118289581379,125,144.939862671523
"264",1254.50472615698,435,"D1","LL","5",1,-1.68017607237403,-146.608488339679,0.391545202344359,17.7232014679775,"WV04","31","11.7","10","7.3","29.5","2.2","39","O",1,14.4195945535286,601.78724527705,290,164.344748331305
"265",2085.65524263091,555,"D1","LL","6",1,-142.289423425522,7.54684427774681,3.04628015280445,-4.48029259654207,"WV02","31","11.9","10.1","7.9","19","1.5","42","O",1,18.7896868705488,989.642015915212,245,145.832502399157
"266",912.976015133385,135,"D1","LL","7",1,-149.912245083765,33.1588262232721,-14.7021058243609,9.24049977486569,"WV04","31","12.2","10.3","7","19","1.3","51","O",1,33.8139264864217,912.976015133385,135,137.309388239261
"267",649.060027205369,890,"D1","HH","1",1,-154.787875915356,8.78713739578566,-1.42287890811115,3.62659061004305,"WV04","31","9.2","10.6","9","20","1.8","8","O",1,3.64640464722117,300.543983087578,110,153.451795526022
"268",1056.79197767543,420,"D1","HH","2",1,98.3731685388897,111.244535029902,16.3706177527464,1.44325305939913,"WV04","32","11.1","10.2","6.7","24.5","1.6","13","O",0,12.5808568770885,452.318809385404,135,137.042839498458
"269",2286.98534022154,810,"D1","HH","3",1,-20.030975285204,-152.085209771508,-13.3336451466366,-3.28397589875048,"WV02","30","10.7","10.1","5.7","23","1.3","22","O",1,14.1171934581577,1408.26350282635,510,148.951876232023
"270",459.675012008294,250,"D1","HH","4",1,57.5904419362733,-130.099070921297,1.86858026665102,12.6601106956883,"WV04","31","10.9","10.2","8.6","25.5","2.2","25","C",1,9.19350024016589,224.508378791811,135,153.248523007173
"271",2354.84857846245,940,"D1","HH","5",1,-121.371642705562,-87.843527127464,3.11830017711494,5.31370707937547,"WV04","31","13","8.5","7.7","24","1.8","37","O",1,12.5257903109705,1458.01385762912,665,155.486385783451
"272",1441.4297061059,350,"D1","HH","6",1,116.169049046916,-94.0268267307538,-12.3885819139851,1.52785452202802,"WV04","31","12.2","9.9","7.7","19","1.5","41","O",0,20.59185294437,847.707554380456,220,160.180403257078
"273",470.94438938004,345,"D1","HH","7",1,33.3082036076202,-144.686870353302,1.80087979079695,-8.41016513387812,"WV04","31","12","10.3","7","23.5","1.6","49","O",0,6.82528100550783,174.874918504918,235,139.871554790672
"274",2320.44314811669,895,"D1","HM","1",1,-108.498912579407,-102.652253852345,-8.90722573397457,8.69443948302713,"WV02","31","10.1","10.3","8.1","19.5","1.6","2","C",0,12.9633695425514,817.977319734755,245,149.387383019584
"275",390.165102766798,535,"D1","HM","2",1,-136.818063851441,-43.5484458999756,-5.24591667960686,2.40878123345034,"WV04","32","10.7","10.9","7.7","20","1.5","9","C",0,3.64640282959624,143.75119548827,280,139.367487733689
"276",1630.58747883213,650,"D1","HM","3",1,-69.794725945637,-134.029687051688,3.96710782701653,12.0885358703535,"WV04","30","10.5","10.1","9.2","18.5","1.7","21","O",1,12.542980606401,806.319217272541,250,163.680613364564
"277",1272.98492196628,420,"D1","HM","4",1,-144.85168183902,-1.91847726268487,4.52490236003472,7.78687478980831,"WV04","31","10.4","9.2","6.8","29","2","27","O",1,15.1545824043605,706.845045502169,195,149.691542063805
"278",505.990594372975,375,"D1","HM","5",1,-77.0419355464535,-126.509625401137,-7.34323163679199,-12.3315130688986,"WV04","30","12.9","9.9","7.7","19","1.5","35","O",1,6.74654125830633,310.601951650916,295,133.770514921787
"279",1457.96584855726,475,"D1","HM","6",1,22.7304537497467,29.7654452600768,-14.2623176441471,2.59529430651904,"WV04","30","11.4","9.2","8","25","2","43","O",0,15.3470089321817,668.087063074628,225,45.8986082385948
"280",1430.93267187719,550,"D1","HM","7",1,-39.5382872861188,141.907383873146,7.75342440314736,-6.94241288203742,"WV02","31","11.9","10.6","6.8","20.5","1.4","50","O",1,13.0084788352472,601.775938543539,190,156.181842698055
